URL,Last crawled
https://www.causeartist.com/best-website-builders/,2026-03-10
https://www.causeartist.com/tag/featured/,2026-03-10
https://www.causeartist.com/impacting-the-world-through-music/,2026-03-10
https://www.causeartist.com/cambium-lumber-industry-carbon-smart/,2026-03-10
https://www.causeartist.com/google-tools-teaching-learning/,2026-03-10
https://www.causeartist.com/solar-powered-filtration-system-provide-safe-water/,2026-03-10
https://www.causeartist.com/social-entrepreneurs-to-watch-for-in-2021/,2026-03-09
https://www.causeartist.com/the-decarceration-fund/,2026-03-09
https://www.causeartist.com/tag/guides/,2026-03-09
https://www.causeartist.com/sustainable-mens-clothing-brands/,2026-03-09
https://www.causeartist.com/social-entrepreneurs-2024/,2026-03-09
https://www.causeartist.com/esg-investing-better-retirement-plan-options/,2026-03-09
https://www.causeartist.com/page/24/?amp&category=587,2026-03-09
https://www.causeartist.com/tag/tribes-for-good/,2026-03-09
https://www.causeartist.com/tag/conscious-step/,2026-03-09
https://www.causeartist.com/ai-education-startups/,2026-03-09
https://www.causeartist.com/ananda-soul-bali-jewelry/,2026-03-09
https://www.causeartist.com/archive/page/7/,2026-03-09
https://www.causeartist.com/astanor-ventures-deep-tech-nature/,2026-03-09
https://www.causeartist.com/tag/definition/page/8/,2026-03-09
https://www.causeartist.com/ica-fund-investing-local-entrepreneurs/,2026-03-09
https://www.causeartist.com/fairphone-ethical-alternative-phone/,2026-03-09
https://www.causeartist.com/valley-rose-climate-neutral-jewelry/,2026-03-09
https://www.causeartist.com/organizations-changing-the-world-health/,2026-03-09
https://www.causeartist.com/thread-caravan-learn-from-artisans/,2026-03-09
https://www.causeartist.com/luxury-sneakers-crafted-society/,2026-03-09
https://www.causeartist.com/synonyms-for-beautiful/,2026-03-09
https://www.causeartist.com/causeartist-weekly-july-2/,2026-03-09
https://www.causeartist.com/organic-shea-butter/,2026-03-09
https://www.causeartist.com/7-virtues-perfume/,2026-03-09
https://www.causeartist.com/tag/conscious-business-workplace-innovations/,2026-03-09
https://www.causeartist.com/clinton-global-initiative-university/,2026-03-09
https://www.causeartist.com/open-road-alliance-invest-social-entrepreneurs/,2026-03-09
https://www.causeartist.com/life-you-can-save/,2026-03-09
https://www.causeartist.com/three-ships-beauty-raises-3m-accelerate-us-expansion/,2026-03-09
https://www.causeartist.com/global-citizens-mission-co-founder-michael-sheldrick/,2026-03-09
https://www.causeartist.com/best-travel-startups-work-remotely/,2026-03-09
https://www.causeartist.com/tag/podcast/,2026-03-09
https://www.causeartist.com/sustainable-tourism-fair-trade-provides-livelihood/,2026-03-09
https://www.causeartist.com/tag/investing/,2026-03-09
https://www.causeartist.com/dispersa-raises-5-8m-to-scale-biosurfactants-from-food-waste/,2026-03-09
https://www.causeartist.com/kidbox-social-impact/,2026-03-08
https://www.causeartist.com/tag/definition/page/5/,2026-03-08
https://www.causeartist.com/peekabond-app-global-families-bonds-kids/,2026-03-08
https://www.causeartist.com/crowdfunding-platforms-social-entrepreneurs/,2026-03-08
https://www.causeartist.com/page/82/,2026-03-08
https://www.causeartist.com/meet-club-trillion-foundation/,2026-03-08
https://www.causeartist.com/tag/climate-action-environment/,2026-03-08
https://www.causeartist.com/startup-or-start-up/,2026-03-08
https://www.causeartist.com/travel-experiences-that-will-change-your-life-forever/,2026-03-08
https://www.causeartist.com/kriti-tula-doodlage/,2026-03-08
https://www.causeartist.com/cocopallet-bio-degradable-pallets/,2026-03-08
https://www.causeartist.com/matereal-secures-4-5m-seed-funding-to-combat-toxic-plastics/,2026-03-08
https://www.causeartist.com/community-lending-platforms/,2026-03-08
https://www.causeartist.com/pulp-culture-healthiest-alcoholic-beverage/,2026-03-08
https://www.causeartist.com/reasons-minimalism-in-fashion-is-growing/,2026-03-08
https://www.causeartist.com/usaid-entrepreneurship-rwanda/,2026-03-08
https://www.causeartist.com/case-study-toms-shoes/,2026-03-08
https://www.causeartist.com/ryan-devlin-this-bar-saves-lives/,2026-03-08
https://www.causeartist.com/pano-ai-secures-44m-to-expand-ai-wildfire-detection/,2026-03-08
https://www.causeartist.com/hopdoddy-regenerative-agriculture-with-new-menu/,2026-03-08
https://www.causeartist.com/faircraft-raises-15million-sustainable-leather/,2026-03-08
https://www.causeartist.com/sustainable-eco-friendly-phone-cases/,2026-03-08
https://www.causeartist.com/the-rounds-secures-24m-series-b-to-revolutionize-sustainable-last-mile-delivery/,2026-03-08
https://www.causeartist.com/tag/podcast/page/6/,2026-03-08
https://www.causeartist.com/rainforest-alliance-launches-regenerative-agriculture-certification-for-coffee/,2026-03-08
https://www.causeartist.com/cuddle-and-kind-dolls/,2026-03-08
https://www.causeartist.com/biodegradable-golf-balls/,2026-03-08
https://www.causeartist.com/meet-rancho-west-redefining-organic-beer-for-people-and-planet/,2026-03-08
https://www.causeartist.com/investing-in-impact-podcast/,2026-03-08
https://www.causeartist.com/tag/responsible-tourism/,2026-03-08
https://www.causeartist.com/the-pluralist-watches-timepieces/,2026-03-08
https://www.causeartist.com/resources-search-for-social-impact-jobs/,2026-03-08
https://www.causeartist.com/mi-terro-milk-waste-into-protein/,2026-03-08
https://www.causeartist.com/tonys-chocolonely-case-study/,2026-03-08
https://www.causeartist.com/alecs-ice-cream-secures-11-million-to-scale-regenerative-organic-dairy-nationwide/,2026-03-08
https://www.causeartist.com/mitigation-credits-explained-a-practical-guide-for-developers-investors-and-landowners/,2026-03-08
https://www.causeartist.com/causeartist-weekly-289-new-ai-podcast-launch-190m-in-impact-funding/,2026-03-08
https://www.causeartist.com/kipato-unbranded-enterprise-kenya/,2026-03-08
https://www.causeartist.com/this-organization-is-transforming-church-properties-into-modern-and-inclusive-community-hubs/,2026-03-08
https://www.causeartist.com/incredible-recycled-art-materials-creations/,2026-03-08
https://www.causeartist.com/,2026-03-08
https://www.causeartist.com/empwr-coats-turns-into-a-sleeping-bag/,2026-03-08
https://www.causeartist.com/openevidence-secures-1-billion-valuation-poised-to-transform-global-healthcare/,2026-03-08
https://www.causeartist.com/author/admin/page/4/,2026-03-08
https://www.causeartist.com/vertical-farming/,2026-03-08
https://www.causeartist.com/riley-raises-3m-to-bring-personalized-parenting-guidance-to-families/,2026-03-08
https://www.causeartist.com/guide-to-sustainable-activewear-in-asia/,2026-03-08
https://www.causeartist.com/page/26/,2026-03-08
https://www.causeartist.com/everyday-items-made-from-post-consumer-waste/,2026-03-08
https://www.causeartist.com/comic-book-menstruation/,2026-03-08
https://www.causeartist.com/keragon-raises-7-5m-for-ai-driven-healthcare-automation-platform/,2026-03-08
https://www.causeartist.com/best-reformation-dresses/,2026-03-08
https://www.causeartist.com/tag/donor-advised-funds/,2026-03-08
https://www.causeartist.com/author/admin/,2026-03-08
https://www.causeartist.com/causeartist-weekly-298-carbon-direct-acquires-pachama-impact-gift-guide-ai-for-agriculture/,2026-03-08
https://www.causeartist.com/nesst-investing-in-front-line-entrepreneurs/,2026-03-08
https://www.causeartist.com/geoship-homebuilding-ceramic-domes/,2026-03-08
https://www.causeartist.com/ethically-made-sustainable-handbags/,2026-03-08
https://www.causeartist.com/tentree-planted-million-trees/,2026-03-08
https://www.causeartist.com/beworm-eleonore-eisath/,2026-03-08
https://www.causeartist.com/ethical-engagement-ring-designers/,2026-03-08
https://www.causeartist.com/cleanhub-plastic-pollution-platform/,2026-03-08
https://www.causeartist.com/uncharted-play-black-female-ceo/,2026-03-08
https://www.causeartist.com/visionspring-jordan-kassalow/,2026-03-08
https://www.causeartist.com/ettitudes-cleanbamboo-fabric/,2026-03-08
https://www.causeartist.com/causeartist-weekly-310-regenerating-seas-forests-and-grids-re-wiring-our-planets-operating-system/,2026-03-08
https://www.causeartist.com/synonyms-for-create/,2026-03-08
https://www.causeartist.com/optera-corporate-decarbonization/,2026-03-08
https://www.causeartist.com/interview-antonio-nuno-someone-somewhere/,2026-03-08
https://www.causeartist.com/zeno-power-raises-50m-to-fuel-the-future-of-nuclear-batteries/,2026-03-08
https://www.causeartist.com/mental-health-apps/,2026-03-08
https://www.causeartist.com/causeartist-weekly-14-renewable-energy-startups-impacting-the-world-building-a-sustainable-family-office/,2026-03-08
https://www.causeartist.com/fiber-global-secures-20m-series-a-to-accelerate-circular-building-materials-production/,2026-03-08
https://www.causeartist.com/where-do-org-domain-names-come-from/,2026-03-08
https://www.causeartist.com/supercircle-fashions-circular-economy/,2026-03-08
https://www.causeartist.com/liesel-pritzker-impact-investing/,2026-03-08
https://www.causeartist.com/travel-backpack-recycled-plastic-bottles/,2026-03-07
https://www.causeartist.com/reimagining-nicotine-nic-nac/,2026-03-07
https://www.causeartist.com/goodcarts-impact-ecommerce-stores/,2026-03-07
https://www.causeartist.com/fintech-startups/,2026-03-07
https://www.causeartist.com/illumen-capital/,2026-03-07
https://www.causeartist.com/inside-leapfrog-investments-bold-vision/,2026-03-07
https://www.causeartist.com/eco-friendly-sports-activities/,2026-03-07
https://www.causeartist.com/grove-collaborative-business-case-study/,2026-03-07
https://www.causeartist.com/khyaal-empower-seniors-in-india/,2026-03-07
https://www.causeartist.com/tag/shoes/?amp,2026-03-07
https://www.causeartist.com/ai-agriculture-startups-innovating-farming/,2026-03-07
https://www.causeartist.com/tag/conscious-business-workplace-innovations/page/2/,2026-03-07
https://www.causeartist.com/alaffia-beauty-products-soap/,2026-03-07
https://www.causeartist.com/tag/funding-rounds/page/9/,2026-03-07
https://www.causeartist.com/vow-inventing-new-category-food-animal-cells/,2026-03-07
https://www.causeartist.com/quotes-about-perseverance/,2026-03-07
https://www.causeartist.com/website-terms-of-use/,2026-03-07
https://www.causeartist.com/innovative-clothing-cancer-patients-care-wear/,2026-03-07
https://www.causeartist.com/tag/fair-trade/,2026-03-07
https://www.causeartist.com/goodbuy-app-conscious-shopping-easy/,2026-03-07
https://www.causeartist.com/raccoon-eyes-ai/,2026-03-07
https://www.causeartist.com/unspun-raises-32m-to-revolutionize-fashion-supply-chains-with-3d-weaving-technology/,2026-03-07
https://www.causeartist.com/community-investing-initiative-examples/,2026-03-07
https://www.causeartist.com/author/grant/,2026-03-07
https://www.causeartist.com/empowering-tribal-farming-agroforestry/,2026-03-07
https://www.causeartist.com/ifarmer-super-app-small-scale-farmers/,2026-03-07
https://www.causeartist.com/page/17/,2026-03-07
https://www.causeartist.com/nonprofit-founders-impact-the-world/,2026-03-07
https://www.causeartist.com/synonyms-for-freedom/,2026-03-07
https://www.causeartist.com/modern-sustainable-cooler-nutshell/,2026-03-07
https://www.causeartist.com/eco-friendly-floss/,2026-03-07
https://www.causeartist.com/green-building-designs/,2026-03-07
https://www.causeartist.com/social-enterprise-yellow-leaf-hammocks/,2026-03-07
https://www.causeartist.com/oxccu-raises-28m-sustainable-aviation-fuel/,2026-03-07
https://www.causeartist.com/diagram-60-million-climate-tech-fund/,2026-03-07
https://www.causeartist.com/tag/conscious-business-workplace-innovations/page/10/,2026-03-07
https://www.causeartist.com/nano-sustainable-currency/,2026-03-07
https://www.causeartist.com/soil-conservation/,2026-03-07
https://www.causeartist.com/plastic-recycling-numbers/,2026-03-06
https://www.causeartist.com/cloover-a-berlin-based-startup/,2026-03-06
https://www.causeartist.com/inside-lupus-ventures/,2026-03-06
https://www.causeartist.com/social-enterprises/,2026-03-06
https://www.causeartist.com/doodlage-ethical-fashion-brand/,2026-03-06
https://www.causeartist.com/inspiring-african-americans-impacting-the-world/,2026-03-06
https://www.causeartist.com/what-is-fair-trade-coffee/,2026-03-06
https://www.causeartist.com/natural-shampoo-brands/,2026-03-06
https://www.causeartist.com/buy-one-give-one-pros-and-cons/,2026-03-06
https://www.causeartist.com/interview-founder-traana-peake-obakki/,2026-03-06
https://www.causeartist.com/kuros-social-enterprise-providing-pepper-spray-at-risk-women-around-globe/,2026-03-06
https://www.causeartist.com/tag/homeless/,2026-03-06
https://www.causeartist.com/laura-ortiz-montemayor-svx-mexico/,2026-03-06
https://www.causeartist.com/sustainable-luxury-skincare-lxmi/,2026-03-06
https://www.causeartist.com/articles-from-social-entrepreneurs/,2026-03-06
https://www.causeartist.com/best-crm-software/,2026-03-06
https://www.causeartist.com/daffy-donor-advised-funds/,2026-03-06
https://www.causeartist.com/movingworlds/,2026-03-06
https://www.causeartist.com/causeartist-weekly-307-a-2-85m-ton-carbon-deal-and-the-fashion-built-to-last/,2026-03-06
https://www.causeartist.com/shiru-raises-16m-to-advance-sustainable-ingredients-with-ai-technology/,2026-03-06
https://www.causeartist.com/healthtech-startups/,2026-03-06
https://www.causeartist.com/tilia-impact-ventures-32m-impact-seed-fund/,2026-03-06
https://www.causeartist.com/aether-diamonds-sustainable-startup/,2026-03-06
https://www.causeartist.com/janji-running-brand/,2026-03-06
https://www.causeartist.com/what-does-eco-friendly-mean/,2026-03-06
https://www.causeartist.com/millie-gamified-giving-tool-for-companies/,2026-03-06
https://www.causeartist.com/wildfire-prevention-response-tech-companies/,2026-03-06
https://www.causeartist.com/novica-impact-marketplace-artisans/,2026-03-06
https://www.causeartist.com/human-computer-raises-5m-to-create-story-driven-indie-games/,2026-03-06
https://www.causeartist.com/arizona-state-receives-115-million-to-launch-a-school-for-biodiversity-and-conservation/,2026-03-06
https://www.causeartist.com/nonprofit-founders-impact-the-world-2020/,2026-03-06
https://www.causeartist.com/aurate-ethical-jewelry-brand/,2026-03-06
https://www.causeartist.com/fig-loans-disrupt-payday-loan-industry/,2026-03-06
https://www.causeartist.com/parker-clay-social-enterprise/,2026-03-06
https://www.causeartist.com/carbon-credit-platforms/,2026-03-06
https://www.causeartist.com/changenow-event-for-the-planet/,2026-03-06
https://www.causeartist.com/telo-trucks-ev-pickup/,2026-03-06
https://www.causeartist.com/best-pela-phone-cases/,2026-03-06
https://www.causeartist.com/entrepreneur-vs-social-entrepreneur/,2026-03-06
https://www.causeartist.com/craft-vs-commodity-what-future-will-you-build/,2026-03-06
https://www.causeartist.com/amino-health-raises-10-million-to-revolutionize-ai-care-journeys/,2026-03-06
https://www.causeartist.com/case-study-chobani-yogurt-company/,2026-03-06
https://www.causeartist.com/hone-health-raises-33m-to-transform-telemedicine-and-longevity-care/,2026-03-06
https://www.causeartist.com/interview-hamilton-perkins/,2026-03-06
https://www.causeartist.com/what-is-sustainable-forestry/,2026-03-06
https://www.causeartist.com/regenerative-business-rafael-aldon-regenr8/,2026-03-06
https://www.causeartist.com/what-is-a-green-bond/,2026-03-06
https://www.causeartist.com/author/admin/page/48/,2026-03-06
https://www.causeartist.com/sustainable-footwear-cannabis-hemp-fibers/,2026-03-06
https://www.causeartist.com/trusty-the-ai-powered-letter-of-wishes-for-passing-down-what-matters/,2026-03-06
https://www.causeartist.com/social-enterprise-business-ideas/,2026-03-06
https://www.causeartist.com/allegorie-fashion-unused-fruits-backpacks-handbags/,2026-03-06
https://www.causeartist.com/climatiq-raises-eu10m-expand-embedded-carbon-intelligence-infrastructure/,2026-03-06
https://www.causeartist.com/sustainable-synonyms/,2026-03-06
https://www.causeartist.com/sustainable-iphone-case/,2026-03-06
https://www.causeartist.com/kiva-nonprofit-case-study/,2026-03-06
https://www.causeartist.com/fundraise-up-raises-70m-for-nonprofit-fundraising-tech/,2026-03-06
https://www.causeartist.com/watertech-companies/,2026-03-06
https://www.causeartist.com/dendra-systems-raises-15-7m-to-expand-ai-ecology-platform/,2026-03-06
https://www.causeartist.com/sustainable-fashion-in-africa/,2026-03-06
https://www.causeartist.com/sneaker-impact-creating-sustainable-footwear/,2026-03-06
https://www.causeartist.com/sustainable-packaging/,2026-03-06
https://www.causeartist.com/how-lulo-is-building-tech-that-makes-the-safety-net-work-for-families/,2026-03-06
https://www.causeartist.com/eye-care-solo-eyewear/,2026-03-06
https://www.causeartist.com/what-is-microfinance-2/,2026-03-06
https://www.causeartist.com/socially-responsible-investing/,2026-03-06
https://www.causeartist.com/kane-footwear-sustainable-shoe-athletes/,2026-03-06
https://www.causeartist.com/noserider-surf-club/,2026-03-06
https://www.causeartist.com/what-is-recycled-plastic-rpet/,2026-03-06
https://www.causeartist.com/tokenizing-climate-impact-plural-raises-7m/,2026-03-06
https://www.causeartist.com/non-toxic-perfume/,2026-03-06
https://www.causeartist.com/case-study-seventh-generation/,2026-03-06
https://www.causeartist.com/author/admin/page/2/,2026-03-06
https://www.causeartist.com/creativity-quotes/,2026-03-06
https://www.causeartist.com/sustainable-eco-friendly-toothbrushes/,2026-03-06
https://www.causeartist.com/tab-for-a-cause/,2026-03-06
https://www.causeartist.com/switch-bioworks-sustainable-fertilizer-solutions/,2026-03-06
https://www.causeartist.com/home-depot-foundation-commits-10m-to-empower-the-next-generation-of-skilled-trades-workers/,2026-03-06
https://www.causeartist.com/life-cycle-assessment/,2026-03-06
https://www.causeartist.com/celcoin-secures-125-million-financial-access-brazil/,2026-03-06
https://www.causeartist.com/tag/fairphone/,2026-03-06
https://www.causeartist.com/practical-ways-reduce-food-waste/,2026-03-06
https://www.causeartist.com/scaling-solutions-in-crisis-inside-the-airbel-impact-lab/,2026-03-06
https://www.causeartist.com/page/33/,2026-03-06
https://www.causeartist.com/the-anchal-project-social-enterprise-fashion/,2026-03-06
https://www.causeartist.com/biochar-explained/,2026-03-06
https://www.causeartist.com/climatecrete-revolutionize-concrete-production/,2026-03-06
https://www.causeartist.com/ways-to-use-climate-in-a-sentence/,2026-03-06
https://www.causeartist.com/use-sustainable-in-a-sentence/,2026-03-06
https://www.causeartist.com/direct-ocean-capture-explained-benefits-and-challenges/,2026-03-06
https://www.causeartist.com/what-is-tencel-and-why-its-sustainable/,2026-03-06
https://www.causeartist.com/geothermal-energy-companies/,2026-03-06
https://www.causeartist.com/impacting-people-experiencing-homelessness/,2026-03-06
https://www.causeartist.com/blk-alchemy-sensual-wellness/,2026-03-06
https://www.causeartist.com/tech-for-good-predictions/,2026-03-06
https://www.causeartist.com/tanbiis-mission-to-make-climate-action-fun/,2026-03-06
https://www.causeartist.com/what-is-agroecology/,2026-03-06
https://www.causeartist.com/facts-about-the-global-economy-that-social-innovators-can-use-to-solve-great-challenges/,2026-03-06
https://www.causeartist.com/interview-with-igor-beuker/,2026-03-06
https://www.causeartist.com/what-is-fair-trade-certification/,2026-03-06
https://www.causeartist.com/organizations-impacting-the-world-vision/,2026-03-06
https://www.causeartist.com/apps-offset-your-carbon-emissions/,2026-03-06
https://www.causeartist.com/8-circular-economy-examples/,2026-03-05
https://www.causeartist.com/author/admin/page/11/?category=4,2026-03-05
https://www.causeartist.com/wenatal-is-transforming-prenatal-wellness/,2026-03-05
https://www.causeartist.com/author/admin/page/22/,2026-03-05
https://www.causeartist.com/techleap-dutch-startup-ecosystem/,2026-03-05
https://www.causeartist.com/impact-business-case-study-bombas/,2026-03-05
https://www.causeartist.com/monitoring-reporting-verification-mrv/,2026-03-05
https://www.causeartist.com/mercy-corps-ventures-crypto-for-good-fund-iv/,2026-03-05
https://www.causeartist.com/page/89/,2026-03-05
https://www.causeartist.com/marketing-strategies-social-enterprises/,2026-03-05
https://www.causeartist.com/handmade-com-disrupt-etsy/,2026-03-05
https://www.causeartist.com/rags2riches-ethical-fashion-brand/,2026-03-05
https://www.causeartist.com/tag/events/,2026-03-05
https://www.causeartist.com/social-good-businesses-ending-human-trafficking/,2026-03-05
https://www.causeartist.com/mission-driven-finance/,2026-03-05
https://www.causeartist.com/hope-hydration-water-fountain-21st-century/,2026-03-05
https://www.causeartist.com/wild-earth-dog-food/,2026-03-05
https://www.causeartist.com/social-good-apps-impact-the-world/,2026-03-05
https://www.causeartist.com/environmental-justice-examples-issues/,2026-03-05
https://www.causeartist.com/high-paying-climate-tech-jobs/,2026-03-05
https://www.causeartist.com/ethical-synonyms/,2026-03-05
https://www.causeartist.com/archive/page/103/,2026-03-05
https://www.causeartist.com/daria-day-jewelry-social-enterprise-empowering-women-remote-communities-k2-mountain/,2026-03-05
https://www.causeartist.com/renewable-energy/,2026-03-05
https://www.causeartist.com/greensole-upcycled-slippers/,2026-03-05
https://www.causeartist.com/what-are-renewable-materials/,2026-03-05
https://www.causeartist.com/causeartist-weekly-270/,2026-03-05
https://www.causeartist.com/ocean-ledger-raises-900k-to-enhance-coastal-risk-management/,2026-03-05
https://www.causeartist.com/nature-based-solutions/,2026-03-05
https://www.causeartist.com/startups-turning-agricultural-waste-into-clean-energy/,2026-03-05
https://www.causeartist.com/social-enterprises-nonprofits-new-orleans/,2026-03-05
https://www.causeartist.com/non-financial-reporting-directive-nfrd/,2026-03-05
https://www.causeartist.com/author/grant/page/11/,2026-03-05
https://www.causeartist.com/eco-friendly-synonyms/,2026-03-05
https://www.causeartist.com/carbon-insetting/,2026-03-05
https://www.causeartist.com/cape-clasp-impacting-marine-life/,2026-03-05
https://www.causeartist.com/proof-of-impact-raises/,2026-03-05
https://www.causeartist.com/adobe-capital-impact-investing-mexico/,2026-03-05
https://www.causeartist.com/what-is-green-hydrogen/,2026-03-05
https://www.causeartist.com/trust-based-philanthropy/,2026-03-05
https://www.causeartist.com/ethical-underwear-boxers-briefs/,2026-03-05
https://www.causeartist.com/tag/pela/,2026-03-05
https://www.causeartist.com/celebrities-doing-good/,2026-03-05
https://www.causeartist.com/social-impact-examples/,2026-03-05
https://www.causeartist.com/on-deck-fellowships/,2026-03-05
https://www.causeartist.com/ocean-quotes/,2026-03-05
https://www.causeartist.com/meet-juliemay-the-skin-friendly-lingerie-brand/,2026-03-05
https://www.causeartist.com/zum-awarded-32-million-grant-to-electrify-school-buses-across-the-us/,2026-03-05
https://www.causeartist.com/page/85/,2026-03-05
https://www.causeartist.com/psychedelic-therapeutics-treatment/,2026-03-04
https://www.causeartist.com/eco-friendly-laundry-detergent-options/,2026-03-04
https://www.causeartist.com/circular-fashion-startups/,2026-03-04
https://www.causeartist.com/sustainable-gifts-under-25-dollars/,2026-03-04
https://www.causeartist.com/20-best-synonyms-for-climate/,2026-03-04
https://www.causeartist.com/ewg-verified-what-it-means/,2026-03-04
https://www.causeartist.com/reduce-carbon-footprint-digital-nomad/,2026-03-04
https://www.causeartist.com/factor2-energy-secures-9-1m-to-advance-co2-based-geothermal-power/,2026-03-04
https://causeartist.com/page/21/?amp&time=year&category=267,2026-03-04
https://www.causeartist.com/tag/climate-action-environment/page/5/,2026-03-04
https://www.causeartist.com/meet-parcel-health-redefining-pharma-packaging-for-sustainability/,2026-03-04
https://www.causeartist.com/lecrae-community-activism-impact-focused-movies/,2026-03-04
https://www.causeartist.com/dignity-kitchen-singapores-food-court/,2026-03-04
https://www.causeartist.com/case-study-beyond-meat/,2026-03-04
https://www.causeartist.com/halcyon-accelerator-impact-driven-startups/,2026-03-04
https://www.causeartist.com/carbon-equity-fintech-climate-investments/,2026-03-04
https://www.causeartist.com/handmade-accessory-brand-freeleaf/,2026-03-04
https://www.causeartist.com/ampaire-hybrid-electric-aircraft/,2026-03-04
https://www.causeartist.com/wanda-fish-raises-seed-funding/,2026-03-04
https://www.causeartist.com/beyond-hydration-liquid-i-v-s-mission-to-combat-global-water-insecurity/,2026-03-04
https://www.causeartist.com/tag/case-study/,2026-03-04
https://www.causeartist.com/causeartist-weekly-313-ai-talking-to-wildlife-building-a-home-in-30-days/,2026-03-04
https://www.causeartist.com/blueland-cleaning-products/,2026-03-04
https://www.causeartist.com/vegan-leather-jackets/,2026-03-04
https://www.causeartist.com/teachy-ai-raises-7m-to-innovate-education-in-latam-and-asia/,2026-03-04
https://www.causeartist.com/diff-charitable-eyewear-founder/,2026-03-04
https://www.causeartist.com/carbon-footprint/,2026-03-04
https://www.causeartist.com/millie-social-impact-startup/,2026-03-04
https://www.causeartist.com/aptera-solar-electric-vehicle/,2026-03-04
https://www.causeartist.com/eco-wave-power-inna-braverman/,2026-03-04
https://www.causeartist.com/aquaria-raises-112m-to-turn-air-into-water/,2026-03-04
https://www.causeartist.com/corporate-social-responsibility-jobs/,2026-03-04
https://www.causeartist.com/1money-launches-with-20m-in-funding-to-revolutionize-stablecoin-payments/,2026-03-04
https://www.causeartist.com/nitricity-secures-50m-to-scale-organic-fertilizer-made-from-waste/,2026-03-04
https://www.causeartist.com/zoila-jennings-rwjf-impact-investment/,2026-03-04
https://www.causeartist.com/films-about-social-impact-sustainability-stream/,2026-03-04
https://www.causeartist.com/seao2-secures-eu2-million-to-advance-direct-ocean-capture-2/,2026-03-04
https://www.causeartist.com/bezos-earth-fund-announces-100-million-challenge-for-ai-solutions-to-tackle-nature-loss/,2026-03-04
https://www.causeartist.com/biodiversity/,2026-03-04
https://www.causeartist.com/what-is-jute-and-why-its-sustainable/,2026-03-04
https://www.causeartist.com/tag/interviews/,2026-03-04
https://www.causeartist.com/catalytic-capital/,2026-03-04
https://www.causeartist.com/ecological-footprint/,2026-03-04
https://www.causeartist.com/venture-philanthropy-101/,2026-03-04
https://www.causeartist.com/compressed-air-energy-storage/,2026-03-04
https://www.causeartist.com/a-conversation-with-kate-williams-ceo-of-one-percent-for-the-planet/,2026-03-04
https://www.causeartist.com/how-kinara-capital-utilizes-innovation-to-serve-small-business-entrepreneurs/,2026-03-04
https://www.causeartist.com/pair-eyewear-75m-series-c-funding/,2026-03-04
https://www.causeartist.com/plant-identification-apps/,2026-03-04
https://www.causeartist.com/trusty-raises-1m-to-redefine-estate-planning-with-ai-powered-letters-of-wishes/,2026-03-04
https://www.causeartist.com/brazilian-startup-umgrauemeio-raises-3-million-forest-fire-prevention/,2026-03-04
https://www.causeartist.com/ecosystem-services/,2026-03-04
https://www.causeartist.com/sustainability-quotes/,2026-03-04
https://www.causeartist.com/openinvest-values-based-investing/,2026-03-04
https://www.causeartist.com/cellular-agriculture-companies/,2026-03-04
https://www.causeartist.com/cant-recycle-sustainable-alternatives-replace-them/,2026-03-04
https://www.causeartist.com/non-alcoholic-wine-explained/,2026-03-04
https://www.causeartist.com/best-grant-search-engines/,2026-03-04
https://www.causeartist.com/what-is-deforestation/,2026-03-04
https://www.causeartist.com/eucalyptus-sheets-organic-cotton-sheets/,2026-03-04
https://www.causeartist.com/eco-friendly-materials-that-are-transforming-industries/,2026-03-04
https://www.causeartist.com/tanis-jorge-co-founder-hub/,2026-03-04
https://www.causeartist.com/how-to-make-ecommerce-store-sustainable-business/,2026-03-04
https://www.causeartist.com/matthew-stotts-cerulean-ventures/,2026-03-04
https://www.causeartist.com/celi-by-aline-celi/,2026-03-04
https://www.causeartist.com/starry-internet/,2026-03-04
https://www.causeartist.com/case-study-allbirds/,2026-03-04
https://www.causeartist.com/plant-based-materials/,2026-03-04
https://www.causeartist.com/commons-app-sustainable-choices/,2026-03-04
https://www.causeartist.com/high-paying-social-impact-jobs-careers/,2026-03-04
https://www.causeartist.com/sustainable-fashion-marketplace-for-men/,2026-03-04
https://www.causeartist.com/deep-sky-one-of-the-worlds-largest-carbon-removal-facilities/,2026-03-04
https://www.causeartist.com/electric-aviation-companies/,2026-03-04
https://www.causeartist.com/what-are-distributed-energy-systems/,2026-03-04
https://causeartist.com/page/29/?amp&time=today,2026-03-04
https://www.causeartist.com/sustainable-breweries/,2026-03-04
https://www.causeartist.com/what-are-bioplastics/,2026-03-04
https://www.causeartist.com/the-deux-mains-story-of-resilience/,2026-03-04
https://www.causeartist.com/soapbox-most-effective-social-impact-brands/,2026-03-04
https://www.causeartist.com/positive-impact-remote-work-on-the-environment/,2026-03-04
https://www.causeartist.com/tag/investing-in-impact/,2026-03-04
https://www.causeartist.com/azolla-ventures/,2026-03-04
https://www.causeartist.com/causeartist-weekly-303-ocean-saving-tech-crypto-powered-impact-exchange-50m-for-ai-health/,2026-03-04
https://www.causeartist.com/travel-the-world-build-schools/,2026-03-04
https://www.causeartist.com/survey/,2026-03-04
https://www.causeartist.com/waste-to-energy-technologies/,2026-03-04
https://www.causeartist.com/common-trust-employee-ownership/,2026-03-04
https://www.causeartist.com/lemonade-insurance-global-impact/,2026-03-04
https://www.causeartist.com/blue-economy-startups/,2026-03-04
https://www.causeartist.com/better-better-is-redefining-oral-care-with-vitamin-infused-toothpaste/,2026-03-04
https://www.causeartist.com/interactive-brokers-socially-conscious-investors/,2026-03-04
https://www.causeartist.com/lse-appoints-kieron-boyle-to-lead-100x-impact-accelerator/,2026-03-04
https://www.causeartist.com/cultivate-power-raises-10-million/,2026-03-04
https://www.causeartist.com/magic-room-band-eco-friendly-music-accessories/,2026-03-04
https://www.causeartist.com/capture6-raises-27-5m-to-scale-fresh-water-production-and-carbon-removal/,2026-03-04
https://www.causeartist.com/best-takeya-water-bottles/,2026-03-04
https://www.causeartist.com/handprint-sustainability-platform/,2026-03-04
https://www.causeartist.com/social-entrepreneurship-characteristics/,2026-03-04
https://www.causeartist.com/founder-classy-nonprofit-technology-platform/,2026-03-04
https://www.causeartist.com/sustainable-cups-better-for-all/,2026-03-04
https://www.causeartist.com/interview-doordash-ceo/,2026-03-04
https://www.causeartist.com/business-case-study-lemonade-insurance/,2026-03-04
https://www.causeartist.com/nativa-shaniko-regenerative-wool-program/,2026-03-04
https://www.causeartist.com/b1g1-giving-projects/,2026-03-04
https://www.causeartist.com/fay-raises-50m-to-transform-personalized-nutrition/,2026-03-04
https://www.causeartist.com/tag/clean-beauty/,2026-03-04
https://www.causeartist.com/tag/africa/,2026-03-04
https://www.causeartist.com/ethical-eco-friendly-desk-products-home-office/,2026-03-04
https://www.causeartist.com/environmental-consciousness-swimwear/,2026-03-04
https://www.causeartist.com/meet-carbyon-xprize-carbon-removal-award/,2026-03-04
https://www.causeartist.com/steps-to-help-you-choose-one-cause-to-support/,2026-03-04
https://www.causeartist.com/klima-app-reduce-carbon-footprint/,2026-03-04
https://www.causeartist.com/author/trang_chu_minh/page/3/,2026-03-04
https://www.causeartist.com/monarch-tractor-sustainable-farming/,2026-03-04
https://www.causeartist.com/nonprofit-case-study-give-directly/,2026-03-04
https://www.causeartist.com/page/42/,2026-03-04
https://www.causeartist.com/social-entrepreneurs-2025/,2026-03-04
https://www.causeartist.com/eco-friendly-sustainable-socks/,2026-03-04
https://www.causeartist.com/miami-nonprofits-social-enterprises/,2026-03-04
https://www.causeartist.com/manta-ray-sanctuary/,2026-03-04
https://www.causeartist.com/green-filmmaking-sustainable-film-production/,2026-03-04
https://www.causeartist.com/edtech-startups-to-watch-for/,2026-03-03
https://www.causeartist.com/applied-carbon-raises-21-5-million-to-deploy-biochar-technology/,2026-03-03
https://www.causeartist.com/water-conservation/,2026-03-03
https://www.causeartist.com/chapter-raises-75m-to-transform-medicare-and-retirement/,2026-03-03
https://www.causeartist.com/meet-hanky-gang-the-eco-friendly-handkerchief-brand/,2026-03-03
https://www.causeartist.com/ampd-energy-raises-27-3-million-to-drive-expansion-of-clean-battery-storage/,2026-03-03
https://www.causeartist.com/ocean-conservation-startups/,2026-03-03
https://www.causeartist.com/anshul-magotra-social-innovation-circle/,2026-03-03
https://www.causeartist.com/advocacy-to-innovation-jerry-golden-chief-policy-officer-at-lyft/,2026-03-03
https://www.causeartist.com/drashta-impact-milti-chryssavgis/,2026-03-03
https://www.causeartist.com/social-enterprises-to-watch-for-in-asia-2020/,2026-03-03
https://www.causeartist.com/page/2/,2026-03-03
https://www.causeartist.com/scaling-a-nonprofit-like-a-startup/,2026-03-03
https://www.causeartist.com/topiku-sustainable-brand-trash-into-hat/,2026-03-03
https://www.causeartist.com/black-history-month-social-entrepreneurs-of-color-making-history-through-social-innovation/,2026-03-03
https://www.causeartist.com/eco-friendly-and-sustainable-wineries/,2026-03-03
https://www.causeartist.com/tyba-lands-13-9m-series-a-to-optimize-energy-storage-operations/,2026-03-03
https://www.causeartist.com/b-corp-certification-what-is-it/,2026-03-03
https://www.causeartist.com/legacy-group-green-coffee-company/,2026-03-03
https://www.causeartist.com/princeton-nuenergy-raises-10-million-lithium-ion-battery-recycling/,2026-03-03
https://www.causeartist.com/sustainable-packaging-examples/,2026-03-03
https://www.causeartist.com/limes-journey-to-sustainable-urban-mobility/,2026-03-03
https://www.causeartist.com/social-entrepreneurs-to-watch-for-in-2016/,2026-03-03
https://www.causeartist.com/builders-vision-stake-hatch-blue/,2026-03-03
https://www.causeartist.com/greenfi-climate-first-consumer-finance/,2026-03-03
https://www.causeartist.com/best-biodegradable-cups/,2026-03-03
https://www.causeartist.com/what-is-vegan-leather/,2026-03-03
https://www.causeartist.com/about-us/,2026-03-03
https://www.causeartist.com/flodesk-breakdown/,2026-03-03
https://www.causeartist.com/eco-resorts-eco-lodging-destinations/,2026-03-03
https://www.causeartist.com/coastal-erosion-causes-effects-and-solutions/,2026-03-03
https://www.causeartist.com/cirkla-launches-fiber-trays-food-packaging/,2026-03-03
https://www.causeartist.com/changing-the-world-through-social-impact-investing/,2026-03-03
https://www.causeartist.com/25-impact-investing-terms-every-beginner-should-know/,2026-03-03
https://www.causeartist.com/mural-pays-mission-redefine-global-payments/,2026-03-03
https://www.causeartist.com/author/admin/page/30/,2026-03-03
https://www.causeartist.com/what-are-plant-based-fibers/,2026-03-03
https://www.causeartist.com/paystand-org-opens-2025-bitcoin-grant-program-for-financial-inclusion-initiatives/,2026-03-03
https://www.causeartist.com/sustainable-sweatpants-and-joggers/,2026-03-03
https://www.causeartist.com/bobby-turner-impact-capital/,2026-03-03
https://www.causeartist.com/what-is-slow-fashion/,2026-03-03
https://www.causeartist.com/open-philanthropy-launches-120m-fund-for-innovation-and-growth/,2026-03-03
https://www.causeartist.com/zero-waste-meaning-examples/,2026-03-03
https://www.causeartist.com/how-ecosystem-investment-partners-turns-environmental-law-into-real-assets/,2026-03-03
https://www.causeartist.com/bathing-culture-disrupting-bath-body/,2026-03-03
https://www.causeartist.com/eileen-fisher-impact-business-case-study/,2026-03-03
https://www.causeartist.com/aquaculture-definition-types-and-why-it-matters/,2026-03-03
https://www.causeartist.com/modibodi-menstruation-womens-health/,2026-03-03
https://www.causeartist.com/eco-friendly-ethical-alternatives-everyday-products/,2026-03-03
https://www.causeartist.com/page/48/,2026-03-03
https://www.causeartist.com/building-a-sustainable-family-office/,2026-03-03
https://www.causeartist.com/first-3d-printed-homes-community/,2026-03-03
https://www.causeartist.com/what-is-a-sustainable-lifestyle/,2026-03-03
https://www.causeartist.com/eco-friendly-home-upgrades/,2026-03-03
https://www.causeartist.com/modern-breast-pump-babyations/,2026-03-03
https://www.causeartist.com/contact-us/,2026-03-03
https://www.causeartist.com/archive/page/43/,2026-03-03
https://www.causeartist.com/inside-waiakea-the-hawaiian-beverage-company/,2026-03-03
https://www.causeartist.com/comma-raises-2m-to-modernize-reproductive-health-with-personalized-science/,2026-03-03
https://www.causeartist.com/turnout-secures-21m-to-simplify-access-to-government-services-with-ai/,2026-03-03
https://www.causeartist.com/evidencity/,2026-03-03
https://www.causeartist.com/fitppl-socially-conscious-superfood/,2026-03-03
https://www.causeartist.com/sri-lanka-a-sustainable-travel-guide/,2026-03-03
https://www.causeartist.com/sustainability-documentaries/,2026-03-03
https://www.causeartist.com/fire-hoses-sustainable-fashion-accessories/,2026-03-03
https://www.causeartist.com/ethical-coffee-brands/,2026-03-03
https://www.causeartist.com/bali-bans-plastic-marine-pollution/,2026-03-03
https://www.causeartist.com/disruptors-for-good-podcast/,2026-03-03
https://www.causeartist.com/transcend-green-burial/,2026-03-03
https://www.causeartist.com/tuva-health-transforming-healthcare-data/,2026-03-03
https://www.causeartist.com/case-study-warby-parker/,2026-03-03
https://www.causeartist.com/anchored-in-montauk-an-interview-with-whalebone-founder-jesse-joeckel/,2026-03-03
https://www.causeartist.com/mallory-brown-walk-a-mile/,2026-03-02
https://www.causeartist.com/harbinger-raises-100-million-to-transform-medium-duty-electric-vehicle-industry/,2026-03-02
https://www.causeartist.com/seaworthy-collective-ocean/,2026-03-02
https://www.causeartist.com/slums-of-uganda-innovative-tech-ceo/,2026-03-02
https://www.causeartist.com/agaati-keeping-traditional-weaving-alive/,2026-03-02
https://www.causeartist.com/twelve-645-million-funding-sustainable-aviation-fuel/,2026-03-02
https://www.causeartist.com/addressing-healthcare-worker-shortages-stepful/,2026-03-02
https://www.causeartist.com/virtuous-raises-100-million-transform-nonprofit-fundraising/,2026-03-02
https://www.causeartist.com/sewerai-raises-15-million-sewer-inspection/,2026-03-02
https://www.causeartist.com/swift-solar-raises-27-million-transform-solar-technology/,2026-03-02
https://www.causeartist.com/tag/impact-investing/page/10/,2026-03-02
https://www.causeartist.com/nema-health-raises-14-5-million-to-expand-virtual-ptsd-treatment/,2026-03-02
https://www.causeartist.com/5th-world-modern-self-sustaining-homesteads/,2026-03-02
https://www.causeartist.com/grunbag-backpack/,2026-03-02
https://www.causeartist.com/causeartist-weekly-277/,2026-03-02
https://www.causeartist.com/case-study-fairphone/,2026-03-02
https://www.causeartist.com/regenerative-natural-resources/,2026-03-02
https://www.causeartist.com/author/brooke/,2026-03-02
https://www.causeartist.com/sustainable-gift-guide/,2026-03-02
https://www.causeartist.com/steward-lending-platform-regenerative-agriculture/,2026-03-02
https://www.causeartist.com/adaptive-commons-a-vision-for-public-good-in-real-estate/,2026-03-02
https://www.causeartist.com/delta-green-revolutionize-household-energy-management/,2026-03-02
https://www.causeartist.com/10-inspiring-female-entrepreneurs-supporting-women-social-enterprise/,2026-03-02
https://www.causeartist.com/impact-investing-alessa-berg/,2026-03-02
https://www.causeartist.com/what-is-ecological-restoration/,2026-03-02
https://www.causeartist.com/jake-orak-founder-ethnotek/,2026-03-02
https://www.causeartist.com/rubio-impact-ventures/,2026-03-02
https://www.causeartist.com/nominate-a-social-entrepreneur/,2026-03-02
https://www.causeartist.com/tag/newsletter/,2026-03-02
https://www.causeartist.com/fair-trade-chocolate-brands/,2026-03-02
https://www.causeartist.com/charitywater-process-safe-drinking-water/,2026-03-02
https://www.causeartist.com/aigen-raises-12m-ai-powered-solar-robot-fleet/,2026-03-02
https://www.causeartist.com/startup-trivia-game-questions/,2026-03-02
https://www.causeartist.com/freewater-sustainable-advertising/,2026-03-02
https://www.causeartist.com/global-ventures-middle-east-and-africa/,2026-03-02
https://www.causeartist.com/the-era92-hub-officially-opens-marking-a-new-chapter-for-africas-young-leaders/,2026-03-02
https://www.causeartist.com/carbon-offset-what-it-is-how-it-works-and-why-it-matters/,2026-03-02
https://www.causeartist.com/building-markets-the-acumen-journey/,2026-03-02
https://www.causeartist.com/interview-pura-eco-friendly-babycare-products/,2026-03-02
https://www.causeartist.com/how-khasma-capital-is-bridging-the-gap-for-climate-tech-developers/,2026-03-02
https://www.causeartist.com/interview-lecrae-inspire-communities/,2026-03-02
https://www.causeartist.com/away-travel-ceo-steph-korey/,2026-03-02
https://www.causeartist.com/the-baabuk-story/,2026-03-02
https://www.causeartist.com/archive/page/22/,2026-03-02
https://www.causeartist.com/tag/higher-education/,2026-03-02
https://www.causeartist.com/carbon-capture-technology-ventures/,2026-03-02
https://www.causeartist.com/wordproof-trusted-web-timestamp/,2026-03-02
https://www.causeartist.com/social-entrepreneurs-to-watch-for-2023/,2026-03-02
https://www.causeartist.com/causeartist-weekly-306-inside-kiva-one-percent-for-the-planet-and-this-weeks-impact-signals/,2026-03-02
https://www.causeartist.com/beringei-sustainable-fashion-designers/,2026-03-02
https://www.causeartist.com/oddbird-redefining-wine-with-no-alcohol/,2026-03-02
https://www.causeartist.com/thrive-market-impact-business-case-study/,2026-03-02
https://www.causeartist.com/worlds-first-waterproof-hemp-sneakers/,2026-03-02
https://www.causeartist.com/sustainable-clothing-brands/,2026-03-02
https://www.causeartist.com/synthetic-materials/,2026-03-02
https://www.causeartist.com/best-udacity-free-courses/,2026-03-02
https://www.causeartist.com/mekong-homes-affordable-housing/,2026-03-02
https://www.causeartist.com/triple-bottom-line-business-model/,2026-03-02
https://www.causeartist.com/social-impact-synonym/,2026-03-02
https://www.causeartist.com/running-combat-homelessness/,2026-03-02
https://www.causeartist.com/voltr-raises-eu4-million-to-industrialize-lithium-battery-refurbishment-in-europe/,2026-03-02
https://www.causeartist.com/original-duckhead-eco-friendly-umbrellas/,2026-03-01
https://www.causeartist.com/operational-mistakes-early-stage-founders-make-and-how-to-avoid-them/,2026-03-01
https://www.causeartist.com/krakakoa-sustainable-chocolate/,2026-03-01
https://www.causeartist.com/ethical-alternatives-to-top-brands/,2026-03-01
https://www.causeartist.com/hand-in-hand-soap-impacting-soap-industry/,2026-03-01
https://www.causeartist.com/causeartist-presents-the-social-entrepreneurs-to-watch-for-in-2018/,2026-03-01
https://www.causeartist.com/mobile-pathways-raises-1-million-for-ai-powered-legal-immigration-tools/,2026-03-01
https://www.causeartist.com/our-own-nonprofit-underserved-communities/,2026-03-01
https://www.causeartist.com/privacy-policy/,2026-03-01
https://www.causeartist.com/social-entrepreneurs-2026/,2026-03-01
https://www.causeartist.com/yourway-learning-raises-9m-to-transform-k-12-education-with-purpose-built-ai/,2026-03-01
https://www.causeartist.com/halevai-electrifying-boating/,2026-03-01
https://www.causeartist.com/female-founders-personal-stories-conscious-brands/,2026-03-01
https://www.causeartist.com/tag/ethical-fashion/,2026-03-01
https://www.causeartist.com/glo-stablecoin-nonprofit-end-extreme-poverty/,2026-03-01
https://www.causeartist.com/the-fight-for-power-a-new-film-investigating-the-surge-in-our-energy-bills/,2026-03-01
https://www.causeartist.com/social-good-lifestyle-label-someone-somewhere/,2026-03-01
https://www.causeartist.com/social-entrepreneurship-courses/,2026-03-01
https://www.causeartist.com/momentus-capital-closes-171-million-equitable-prosperity-fund/,2026-03-01
https://www.causeartist.com/physical-ai-explained/,2026-03-01
https://www.causeartist.com/social-entrepreneurs-to-watch-for-2019/,2026-03-01
https://www.causeartist.com/sustainable-activewear-brands/,2026-03-01
https://www.causeartist.com/shicken-foods/,2026-03-01
https://www.causeartist.com/eco-friendly-sustainable-gifts-fathers-day/,2026-03-01
https://www.causeartist.com/go-java-recycling-coffee-pods/,2026-03-01
https://www.causeartist.com/sustainability-degrees-universities/,2026-03-01
https://www.causeartist.com/author/admin/page/58/,2026-03-01
https://www.causeartist.com/page/76/,2026-03-01
https://www.causeartist.com/equity-crowdfunding-fuels-ethical-sustainable-businesses/,2026-03-01
https://www.causeartist.com/fair-harbor-clothing/,2026-03-01
https://www.causeartist.com/pioneer-human-services-previously-incarcerated/,2026-03-01
https://www.causeartist.com/pandadoc-vs-docusign/,2026-03-01
https://www.causeartist.com/lokai-inspirational-bracelets/,2026-03-01
https://www.causeartist.com/crowdfunding-tips-social-entrepreneurs/,2026-03-01
https://www.causeartist.com/perch-energy-nuveen-community-solar/,2026-03-01
https://www.causeartist.com/deep-sky-raises-75m-carbon-removal/,2026-03-01
https://www.causeartist.com/fast-forwards-ai-for-humanity-report/,2026-03-01
https://www.causeartist.com/best-bamboo-underwear/,2026-03-01
https://www.causeartist.com/meet-bono-transforming-the-future-of-charitable-giving/,2026-03-01
https://www.causeartist.com/credit-card-for-nonprofits/,2026-03-01
https://www.causeartist.com/layer2-financial-secures-10m-series-a/,2026-03-01
https://www.causeartist.com/intrepid-travel-sustainable-tourism/,2026-03-01
https://www.causeartist.com/best-diff-eyewear-sunglasses/,2026-03-01
https://www.causeartist.com/paka-apparel-story/,2026-03-01
https://www.causeartist.com/aerflo-zero-waste-sparkling-water-brand/,2026-02-28
https://www.causeartist.com/tag/regenerative-finance/,2026-02-28
https://www.causeartist.com/goveagle-raises-2-5m-to-revolutionize-government-contracting-with-ai-2/,2026-02-28
https://www.causeartist.com/emissions-trading-definition-benefits-and-challenges/,2026-02-28
https://www.causeartist.com/tag/winter/,2026-02-28
https://www.causeartist.com/300-million-all-aboard-coalition-fund-launches-to-bridge-the-climate-tech-missing-middle/,2026-02-28
https://www.causeartist.com/sustainable-swimwear-brands/,2026-02-28
https://www.causeartist.com/blushift-aerospace-sustainable-spacestartups/,2026-02-28
https://www.causeartist.com/eco-stylist-brands-you-can-trust/,2026-02-28
https://www.causeartist.com/daupler-raises-15m-to-modernize-utility-operations/,2026-02-28
https://www.causeartist.com/verda-ventures-launches-40m-minipay-fund-to-bridge-financial-access-gap/,2026-02-28
https://www.causeartist.com/18-social-entrepreneurs-watch-2015/,2026-02-28
https://www.causeartist.com/business-case-study-dr-bronners/,2026-02-28
https://www.causeartist.com/10-best-presentations-1-million-cups-far/,2026-02-28
https://www.causeartist.com/mental-health-books/,2026-02-28
https://www.causeartist.com/sizzle-ai-study-habits-app/,2026-02-28
https://www.causeartist.com/plastic-bank-blockchain-plastic-waste/,2026-02-28
https://www.causeartist.com/wyde-crypto-impact-exchange/,2026-02-28
https://www.causeartist.com/organic-sustainable-skincare/,2026-02-28
https://www.causeartist.com/best-girlfriend-collective-products/,2026-02-28
https://www.causeartist.com/clean-cooking-offset-carbon-emissions/,2026-02-28
https://www.causeartist.com/best-parker-clay-bags/,2026-02-28
https://www.causeartist.com/what-is-pandadoc/,2026-02-28
https://www.causeartist.com/toast-ale-beer-food-waste/,2026-02-28
https://www.causeartist.com/humanitix-nonprofit-event-ticketing/,2026-02-28
https://www.causeartist.com/playhouse-md-making-pediatric-care-less-scary-and-more-fun/,2026-02-28
https://www.causeartist.com/buscaro-raises-2m-to-transform-commuting-in-pakistan-with-safe-and-tech-enabled-transport/,2026-02-28
https://www.causeartist.com/invest-social-impact-ventures/,2026-02-28
https://www.causeartist.com/what-does-upcycled-mean/,2026-02-28
https://www.causeartist.com/dclimate-democratic-republic-of-congo/,2026-02-28
https://www.causeartist.com/subtl-beauty-raises-5-million/,2026-02-28
https://www.causeartist.com/novoloop-secures-21-million-series-b-to-propel-circular-plastics-innovation/,2026-02-28
https://www.causeartist.com/tag/tote-bag/,2026-02-28
https://www.causeartist.com/blockchain-reform-international-development/,2026-02-28
https://www.causeartist.com/echoing-green-announces-2024-fellows/,2026-02-28
https://www.causeartist.com/sustainable-in-a-sentence-ways-to-use-it/,2026-02-28
https://www.causeartist.com/15-fashion-quotes-from-industry-leaders/,2026-02-28
https://www.causeartist.com/positivity-pays-releases-heroes-trading-cards-featuring-impact-leaders/,2026-02-28
https://www.causeartist.com/how-to-create-eco-friendly-product-line/,2026-02-28
https://www.causeartist.com/waterbear-network-streaming-service-climate/,2026-02-28
https://www.causeartist.com/circuit-raises-17m-to-expand-tech-driven-sustainable-transportation/,2026-02-28
https://www.causeartist.com/sustainable-and-eco-friendly-hoodies/,2026-02-28
https://www.causeartist.com/kodiak-zac-efron-conservation/,2026-02-28
https://www.causeartist.com/nature-quotes/,2026-02-28
https://www.causeartist.com/meaningful-life-purpose-learning/,2026-02-28
https://www.causeartist.com/16-year-old-raises-3-5m-to-scale-biochar-production-and-boost-regenerative-agriculture/,2026-02-28
https://www.causeartist.com/infinite-machine-raises-9-3m/,2026-02-28
https://www.causeartist.com/market-based-solutions-solve-the-the-global-housing-crisis/,2026-02-28
https://www.causeartist.com/sunday-raises-25m-to-lead-the-future-of-eco-friendly-lawn-care/,2026-02-28
https://www.causeartist.com/climate-intelligence/,2026-02-28
https://www.causeartist.com/cradle-to-cradle-design-definition-and-examples/,2026-02-28
https://www.causeartist.com/era92-fund-social-ventures-uganda/,2026-02-28
https://www.causeartist.com/tag/skin-care/,2026-02-28
https://www.causeartist.com/conscious-step-social-enterprise/,2026-02-28
https://www.causeartist.com/eco-friendly-dishwasher-detergent/,2026-02-27
https://www.causeartist.com/what-is-a-social-enterprise/,2026-02-27
https://www.causeartist.com/space-startups/,2026-02-27
https://www.causeartist.com/leap-raises-20m-to-help-modern-brands-launch-physical-stores/,2026-02-27
https://www.causeartist.com/payroll-software-hr/,2026-02-27
https://www.causeartist.com/semrush-breakdown/,2026-02-27
https://www.causeartist.com/tag/fitppl/,2026-02-27
https://www.causeartist.com/mission-of-third-sector/,2026-02-27
https://www.causeartist.com/exciting-funding-rounds-opportunities-for-impact-startups/,2026-02-27
https://www.causeartist.com/karma-wallet-conscious-consumer-debit-card/,2026-02-27
https://www.causeartist.com/impact-the-world-at-every-concert-vibes/,2026-02-27
https://www.causeartist.com/tenfed-social-enterprise-fashion-brand/,2026-02-27
https://www.causeartist.com/unicorn-goods-vegan-catalog/,2026-02-27
https://www.causeartist.com/aspiration-business-case-study/,2026-02-27
https://www.causeartist.com/synonyms-for-good/,2026-02-27
https://www.causeartist.com/orenda-tribe-empowers-refugees-jordan/,2026-02-27
https://www.causeartist.com/bruvi-disrupting-keurig-sustainable-alternative/,2026-02-27
https://www.causeartist.com/tag/krakakoa/,2026-02-27
https://www.causeartist.com/sitti-soap-social-enterprise/,2026-02-27
https://www.causeartist.com/hulo-raises-eu2-3m-to-tackle-global-water-loss-with-ai-powered-leak-detection/,2026-02-27
https://www.causeartist.com/interview-brad-feld-techstars/,2026-02-27
https://www.causeartist.com/tag/lifestyle-ethical-products/page/18/,2026-02-27
https://www.causeartist.com/causeartist-weekly-309/,2026-02-27
https://www.causeartist.com/causeartist-weekly-299-catalytic-capital-climate-innovation-and-this-weeks-top-impact-news/,2026-02-27
https://www.causeartist.com/tips-to-make-your-eco-resort-truly-sustainable/,2026-02-27
https://www.causeartist.com/uulala-improves-medical-access-unbanked-latinos/,2026-02-27
https://www.causeartist.com/azure-printed-homes-turning-plastic-waste-into-housing/,2026-02-27
https://www.causeartist.com/dunya-analytics-simplify-biodiversity/,2026-02-27
https://www.causeartist.com/best-known-supply-products-styles/,2026-02-27
https://www.causeartist.com/eequal-fighting-homelessness-america/,2026-02-27
https://www.causeartist.com/interview-billy-shore-founder-share-our-strength/,2026-02-27
https://www.causeartist.com/komrads-zero-waste-sustainable-sneakers/,2026-02-27
https://www.causeartist.com/what-is-sustainable-seafood/,2026-02-27
https://www.causeartist.com/mojave-energy-efficient-air-conditioning/,2026-02-27
https://www.causeartist.com/case-study-patagonia/,2026-02-27
https://www.causeartist.com/monarch-tractor-secures-record-breaking-133m-series-c-funding-in-agricultural-robotics/,2026-02-27
https://www.causeartist.com/gratitude-railroad-from-wall-street-to-impact-investing/,2026-02-27
https://www.causeartist.com/supply-chain-traceability/,2026-02-27
https://www.causeartist.com/tia-lupita-foods-raises-2m/,2026-02-27
https://www.causeartist.com/eco-friendly-pads-menstrual-hygiene/,2026-02-27
https://www.causeartist.com/what-is-conscious-consumerism/,2026-02-27
https://www.causeartist.com/the-amazon-of-scholarships-inside-impactis-and-its-mission-to-fund-a-million-students-a-year/,2026-02-27
https://www.causeartist.com/social-impact-capital-funds-companies/,2026-02-27
https://www.causeartist.com/direct-air-capture-meaning-benefits-and-challenges/,2026-02-27
https://www.causeartist.com/best-biodegradable-organic-diapers/,2026-02-27
https://www.causeartist.com/paypal-grant-payments/,2026-02-27
https://www.causeartist.com/planet-a-ventures-podcast/,2026-02-27
https://www.causeartist.com/greenhope-biodegradable-plastic-technologies/,2026-02-27
https://www.causeartist.com/healthsetgo-founder-wellness-children/,2026-02-27
https://www.causeartist.com/the-washing-machine-project/,2026-02-26
https://www.causeartist.com/vegan-shoes/,2026-02-26
https://www.causeartist.com/cleobella-story-creating-jobs-style-sustainability/,2026-02-26
https://www.causeartist.com/empowering-mothers-plant-based-fashion/,2026-02-26
https://www.causeartist.com/veer-ocean-clean-shipping-industry/,2026-02-26
https://www.causeartist.com/best-electric-composters/,2026-02-26
https://www.causeartist.com/author/admin/page/12/,2026-02-26
https://www.causeartist.com/female-social-entrepreneurs-impact-lives/,2026-02-26
https://www.causeartist.com/amp-robotics-secures-91-million-to-transform-recycling-and-waste-management/,2026-02-26
https://www.causeartist.com/the-working-capital-fund/,2026-02-26
https://www.causeartist.com/tag/social-enterprise/,2026-02-26
https://www.causeartist.com/sustainable-camping-products/,2026-02-26
https://www.causeartist.com/atlasgo-mobile-app-philanthropist/,2026-02-26
https://www.causeartist.com/mast-reforestation-secures-25m-to-expand-restorative-carbon-removal/,2026-02-26
https://www.causeartist.com/skillshare-courses-sustainable/,2026-02-26
https://www.causeartist.com/republic-democratizing-private-investing/,2026-02-26
https://www.causeartist.com/back-on-my-feet-homelessness-america/,2026-02-26
https://www.causeartist.com/eone-watch-individuals-with-disabilities/,2026-02-26
https://www.causeartist.com/tag/fintech/page/2/,2026-02-26
https://www.causeartist.com/tag/venture-capital/page/2/,2026-02-26
https://www.causeartist.com/moss-carbon-credit/,2026-02-26
https://www.causeartist.com/blushift-aerospace-secures-2m-accelerate-development-of-small-satellite-launch-services/,2026-02-26
https://www.causeartist.com/this-organic-cotton-underwear-startup-helps-you-give-back-in-comfort-marc-skid/,2026-02-26
https://www.causeartist.com/rewilder-taking-innovative-approach-zero-waste-fashion-upcycling/,2026-02-26
https://www.causeartist.com/tag/lifestyle-ethical-products/page/4/,2026-02-26
https://www.causeartist.com/author/bianca_c/,2026-02-26
https://causeartist.com/author/admin/page/11/?category=245,2026-02-26
https://www.causeartist.com/tag/nonprofit/page/5/,2026-02-26
https://www.causeartist.com/tag/moving-wolrds/,2026-02-26
https://www.causeartist.com/boost-corporate-social-responsibility/,2026-02-26
https://www.causeartist.com/hara-house-first-zero-waste-guesthouse/,2026-02-26
https://www.causeartist.com/meet-thistle-farms/,2026-02-26
https://www.causeartist.com/tag/featured/page/4/,2026-02-26
https://www.causeartist.com/tag/peekabond/,2026-02-26
https://www.causeartist.com/renewable-energy-startups/,2026-02-26
https://www.causeartist.com/understanding-scope-3-carbon-emissions/,2026-02-26
https://www.causeartist.com/tag/ev/,2026-02-26
https://www.causeartist.com/administration-invests-2million-to-measure-surface-ocean-carbon/,2026-02-26
https://www.causeartist.com/tag/featured/page/3/,2026-02-26
https://www.causeartist.com/sam-sutaria-ceo-waterbear/,2026-02-26
https://www.causeartist.com/botanical-chocolate-revolutionize-healthy-living/,2026-02-26
https://www.causeartist.com/xocean-sustainable-ocean-data-collection/,2026-02-26
https://www.causeartist.com/venture-fellowship-puerto-rican-startups/,2026-02-26
https://www.causeartist.com/tag/starry/,2026-02-26
https://causeartist.com/page/28/?category=839,2026-02-26
https://www.causeartist.com/archive/page/91/,2026-02-26
https://www.causeartist.com/author/sanaahmed/,2026-02-26
https://www.causeartist.com/causeartist-weekly-271/,2026-02-26
https://www.causeartist.com/keel-labs-kelsun/,2026-02-26
https://www.causeartist.com/tag/adventure-travel/page/2/,2026-02-26
https://www.causeartist.com/reel-paper-toilet-paper/,2026-02-26
https://www.causeartist.com/day-owl-backpack-upcycling-plastic-bottles/,2026-02-26
https://www.causeartist.com/podcasts/,2026-02-26
https://www.causeartist.com/george-mcgraw-founder-digdeep/,2026-02-26
https://www.causeartist.com/industrial-microbes-raises-10m-to-transform-biomanufacturing/,2026-02-26
https://www.causeartist.com/beartooth-financial-environmental-conservation/,2026-02-26
https://www.causeartist.com/portrayals-of-mental-illness-in-the-media-mtv/,2026-02-26
https://www.causeartist.com/future-of-fashion-kriti-tula-founder-doodlage/,2026-02-26
https://www.causeartist.com/regen-network-regenerative-finance-economy/,2026-02-26
https://www.causeartist.com/best-taylor-stitch-jackets-sweaters-dress-shirts/,2026-02-26
https://www.causeartist.com/best-electric-bikes/,2026-02-26
https://www.causeartist.com/impactful-ai-startups/,2026-02-26
https://www.causeartist.com/social-enterprise-accelerators-fellowships/,2026-02-26
https://www.causeartist.com/moore-ventures-investing-low-carbon-economy/,2026-02-26
https://www.causeartist.com/blue-economy-explained/,2026-02-26
https://www.causeartist.com/how-to-shop-ethically-a-consumers-guide/,2026-02-26
https://www.causeartist.com/ibm-opens-45m-ai-accelerator-for-education-and-workforce-nonprofits/,2026-02-26
https://www.causeartist.com/best-invoicing-software-small-businesses/,2026-02-26
https://www.causeartist.com/eco-friendly-cleaning-products/,2026-02-26
https://www.causeartist.com/alternatives-to-plastic-with-examples/,2026-02-26
https://www.causeartist.com/selfless-new-years-resolutions-for-social-good/,2026-02-26
https://www.causeartist.com/tag/impact-investing/,2026-02-26
https://www.causeartist.com/best-pura-vida-bracelets/,2026-02-26
https://www.causeartist.com/sustainability-events-impact-investing-events/,2026-02-26
https://www.causeartist.com/tag/cryptocurrency-and-blockchain/,2026-02-26
https://www.causeartist.com/minimalist-clothing-brands-sustainability/,2026-02-26
https://www.causeartist.com/nonprofit-leaders-2023/,2026-02-26
https://www.causeartist.com/search-ethical-manufacturers/,2026-02-26
https://www.causeartist.com/harmless-harvest-ceo-ben-mand/,2026-02-26
https://www.causeartist.com/socially-responsible-products-target/,2026-02-26
https://www.causeartist.com/cool-points-club-instagram-nfts-climate-action/,2026-02-26
https://www.causeartist.com/digital-tools-for-scale-growth/,2026-02-26
https://www.causeartist.com/incredible-tiny-homes-eco-living/,2026-02-26
https://www.causeartist.com/best-email-marketing-platforms-tools/,2026-02-26
https://www.causeartist.com/brands-impacting-refugee-crisis/,2026-02-26
https://www.causeartist.com/sustainable-backpacks/,2026-02-26
https://www.causeartist.com/nonprofit-leaders-who-will-impact-the-world-2021/,2026-02-26
https://www.causeartist.com/eco-friendly-gifts/,2026-02-26
https://www.causeartist.com/best-reusable-shopping-bags/,2026-02-26
https://www.causeartist.com/tag/vision/?amp,2026-02-25
https://www.causeartist.com/india-plastic-crisis/,2026-02-25
https://www.causeartist.com/tag/batteries/,2026-02-25
https://www.causeartist.com/top-climate-haven-cities-usa/,2026-02-25
https://www.causeartist.com/causeartist-weekly-312-japans-impact-boom-why-micro-drones-are-the-new-bees/,2026-02-25
https://www.causeartist.com/100x-impact-accelerator-cohort/,2026-02-25
https://www.causeartist.com/causeartist-weekly-260/,2026-02-25
https://www.causeartist.com/fight-against-food-waste/,2026-02-25
https://www.causeartist.com/tag/tutoring/,2026-02-25
https://www.causeartist.com/tag/protein/,2026-02-25
https://www.causeartist.com/page/5/,2026-02-25
https://www.causeartist.com/archive/page/72/,2026-02-25
https://www.causeartist.com/tag/shopping-guides/,2026-02-25
https://www.causeartist.com/author/admin/page/53/,2026-02-25
https://www.causeartist.com/tag/climate-change/page/2/,2026-02-25
https://www.causeartist.com/circular-economy/,2026-02-25
https://www.causeartist.com/tag/education/page/2/,2026-02-25
https://www.causeartist.com/charity-search-engines/,2026-02-25
https://www.causeartist.com/drumroll-better-for-you-donut-brand/,2026-02-25
https://www.causeartist.com/tag/cool-points-club/,2026-02-25
https://www.causeartist.com/tag/lifestyle-ethical-products/,2026-02-25
https://www.causeartist.com/aime-largest-volunteer-university-students/,2026-02-25
https://www.causeartist.com/author/admin/page/47/,2026-02-25
https://www.causeartist.com/tag/endangered/,2026-02-25
https://www.causeartist.com/meet-virtu-a-new-ethical-sustainable-mens-fashion-brand-creating-top-notch-threads/,2026-02-25
https://www.causeartist.com/causeartist-weekly-301-turning-environmental-law-into-assets-battery-recycling-startups/,2026-02-25
https://www.causeartist.com/tag/social-entrepreneurship/,2026-02-25
https://www.causeartist.com/sustainable-sneakers/,2026-02-25
https://www.causeartist.com/ben-jerrys-case-study/,2026-02-25
https://www.causeartist.com/dri-umbrellas-founder-interview/,2026-02-25
https://www.causeartist.com/ultimate-guide-to-starting-a-social-enterprise/,2026-02-25
https://www.causeartist.com/sustainable-jewelry-brands/,2026-02-25
https://www.causeartist.com/100x-impact-accelerator/,2026-02-25
https://www.causeartist.com/author/admin/page/25/,2026-02-25
https://www.causeartist.com/founder-aunt-flow-organic-tampon-company/,2026-02-25
https://www.causeartist.com/vera-blockchain-platform-offset-plastic-footprint/,2026-02-25
https://www.causeartist.com/ethical-tech-products-digital-nomads/,2026-02-25
https://www.causeartist.com/author/john_simon/,2026-02-25
https://www.causeartist.com/30-ways-to-use-biodiversity-in-a-sentence/,2026-02-25
https://www.causeartist.com/adaptive-reuse-definition-and-examples/,2026-02-25
https://www.causeartist.com/ethical-sustainable-electronics/,2026-02-25
https://www.causeartist.com/what-is-the-blue-economy/,2026-02-25
https://www.causeartist.com/bonfolk-collective-brings-new-orleans-flavor-social-enterprise/,2026-02-25
https://www.causeartist.com/what-is-pinatex-and-why-its-sustainable/,2026-02-25
https://www.causeartist.com/cultured-meat-companies/,2026-02-25
https://www.causeartist.com/what-is-blended-finance/,2026-02-25
https://www.causeartist.com/chris-long-foundations-waterboys-well-aware/,2026-02-24
https://www.causeartist.com/archive/page/61/,2026-02-24
https://www.causeartist.com/vector-global-celebrates-earth-month/,2026-02-24
https://www.causeartist.com/tag/nonprofit/,2026-02-24
https://www.causeartist.com/tag/interviews/page/8/,2026-02-24
https://www.causeartist.com/causeartist-weekly-256/,2026-02-24
https://www.causeartist.com/organic-sustainable-bras/,2026-02-24
https://www.causeartist.com/mercy-corps-ventures/,2026-02-24
https://www.causeartist.com/apparel-impact-institute/,2026-02-24
https://www.causeartist.com/molly-stillman-speaks-on-her-journey/,2026-02-24
https://www.causeartist.com/tag/vaughan-bagley/,2026-02-24
https://www.causeartist.com/start-here/,2026-02-24
https://www.causeartist.com/tag/nonprofit/page/3/,2026-02-24
https://www.causeartist.com/new-africa-provide-sustainable-solutions/,2026-02-24
https://www.causeartist.com/rehana-nathoo-on-the-future-of-impact-investing-catalytic-capital-and-esg/,2026-02-24
https://www.causeartist.com/archive/page/60/,2026-02-24
https://www.causeartist.com/lebec-innovative-finance-philanthropy-empowering-visionary-founders-funders-and-investors/,2026-02-24
https://www.causeartist.com/backpack-healthcare-raises-14-million-in-series-a-funding/,2026-02-24
https://www.causeartist.com/meet-elliot-a-social-good-search-engine-using-ad-revenue-to-create-clean-water/,2026-02-24
https://www.causeartist.com/tag/ethical-fashion/page/2/,2026-02-24
https://www.causeartist.com/archive/page/100/,2026-02-24
https://www.causeartist.com/archive/page/104/,2026-02-24
https://www.causeartist.com/halisia-travel-storytelling/,2026-02-24
https://causeartist.com/author/admin/page/15/?category=173,2026-02-24
https://www.causeartist.com/fairbee-marketplace-brands-conscious-consumers/,2026-02-24
https://www.causeartist.com/divesting-create-portfolio-fit-your-values/,2026-02-24
https://www.causeartist.com/tag/fashion-industry/,2026-02-23
https://www.causeartist.com/tag/podcast/page/3/,2026-02-23
https://www.causeartist.com/better-meat-co-future-food-sustainability/,2026-02-23
https://www.causeartist.com/author/admin/page/23/,2026-02-23
https://www.causeartist.com/product-of-the-week-sustainable-wineries/,2026-02-23
https://www.causeartist.com/archive/page/59/,2026-02-23
https://www.causeartist.com/archive/page/37/,2026-02-23
https://www.causeartist.com/flash-pack-raises-6-million-friendships-travel/,2026-02-23
https://www.causeartist.com/topl-protocol-value-from-positive-impact/,2026-02-23
https://www.causeartist.com/tag/newsletter/page/7/,2026-02-23
https://www.causeartist.com/author/gelaine_santiago/,2026-02-23
https://www.causeartist.com/limitless-ventures-sober-philanthropic-capital/,2026-02-23
https://www.causeartist.com/organic-non-toxic-candles/,2026-02-23
https://www.causeartist.com/best-eco-friendly-razors/,2026-02-23
https://www.causeartist.com/defining-conscious-living-with-jazzmine-raine/,2026-02-23
https://www.causeartist.com/causeartist-weekly-265/,2026-02-23
https://www.causeartist.com/tag/tree-tribe/,2026-02-23
https://www.causeartist.com/tag/social-enterprise/page/2/,2026-02-23
https://www.causeartist.com/tag/eco-wave-power/,2026-02-23
https://www.causeartist.com/nodal-power-raises-13-million/,2026-02-23
https://www.causeartist.com/tag/lifestyle-ethical-products/page/5/,2026-02-23
https://www.causeartist.com/tag/conscious-business-workplace-innovations/page/3/,2026-02-23
https://www.causeartist.com/these-brands-are-making-a-fashion-statement-from-ocean-waste/,2026-02-23
https://www.causeartist.com/tag/income-shared-agreements/,2026-02-23
https://www.causeartist.com/337-zero-waste-sustainable-basics/,2026-02-23
https://www.causeartist.com/cream-co-meats-sustainable-regenerative-ranches/,2026-02-23
https://www.causeartist.com/tag/dfg/page/7/,2026-02-23
https://www.causeartist.com/tag/dfg/page/6/,2026-02-23
https://www.causeartist.com/capezero-raises-2-6-m-to-revolutionize-clean-energy-project-finance/,2026-02-23
https://www.causeartist.com/preserve-artisans-italy-crafted-society/,2026-02-23
https://www.causeartist.com/marble-raises-15-5-million-to-expand-youth-mental-health-access-in-schools-across-america/,2026-02-23
https://www.causeartist.com/tag/agriculture/,2026-02-23
https://www.causeartist.com/women-led-companies-parenting-space-improving-the-planet/,2026-02-23
https://www.causeartist.com/stoked-action-sports-non-profit/,2026-02-23
https://www.causeartist.com/tag/accelerator/,2026-02-23
https://www.causeartist.com/silicon-valley-social-enterprise/,2026-02-23
https://www.causeartist.com/clean-water-ventures-changing-world/,2026-02-23
https://www.causeartist.com/archive/page/64/,2026-02-23
https://www.causeartist.com/page/40/,2026-02-23
https://www.causeartist.com/archive/page/65/,2026-02-23
https://www.causeartist.com/eco-wave-power-launches-groundbreaking-wave-energy-project-in-portugal/,2026-02-23
https://www.causeartist.com/archive/page/58/,2026-02-23
https://www.causeartist.com/pratibha-vuppuluri-diversity-in-venture-capital/,2026-02-23
https://www.causeartist.com/foodtech-startups/,2026-02-23
https://www.causeartist.com/glossary/,2026-02-23
https://www.causeartist.com/social-entrepreneurs-to-watch-for-in-2022/,2026-02-23
https://www.causeartist.com/motivational-quotes/,2026-02-23
https://www.causeartist.com/miigle-using-ai-to-become-the-amazon/,2026-02-22
https://www.causeartist.com/impacting-world-734-coffee/,2026-02-22
https://www.causeartist.com/social-enterprise-jobs/,2026-02-22
https://www.causeartist.com/meet-daring-capital-rebuilding-early-stage-impact-funding-from-the-founders-seat/,2026-02-22
https://www.causeartist.com/tag/dfg/,2026-02-22
https://www.causeartist.com/impact-investing-statistics/,2026-02-22
https://www.causeartist.com/pain-relief-alternative-gives-back-small-clinics/,2026-02-22
https://www.causeartist.com/empowering-people-with-disabilities/,2026-02-22
https://www.causeartist.com/edible-spoons-cutlery-help-alleviate-waste/,2026-02-22
https://www.causeartist.com/powered-by-people-is-redefining-global-sourcing-with-tech-driven-marketplace-for-artisans/,2026-02-22
https://www.causeartist.com/social-entrepreneurship-rediscover-morocco/,2026-02-22
https://www.causeartist.com/meet-giv-gowns-why-patient-dignity-starts-with-what-you-wear/,2026-02-22
https://www.causeartist.com/yellow-barn-farm-regenerative-farmers/,2026-02-22
https://www.causeartist.com/beacon-fund-empowering-female-entrepreneurs/,2026-02-22
https://www.causeartist.com/the-macarthur-foundations-100-million-competition-apply-now/,2026-02-22
https://www.causeartist.com/social-entrepreneur-podcasts/,2026-02-22
https://www.causeartist.com/author/rafaldon/page/2/,2026-02-22
https://www.causeartist.com/quotes-strength-successful-female-entrepreneurs/,2026-02-22
https://www.causeartist.com/clean-tech-startup-relocalize-raises-5-8-million-to-transform-food-supply-chains/,2026-02-22
https://www.causeartist.com/eureka-recycling-secures-over-10-million-in-financing-led-by-closed-loop-partners/,2026-02-22
https://www.causeartist.com/what-is-sustainable-fashion/,2026-02-22
https://www.causeartist.com/impact-travel-alliance-sustainable-travel/,2026-02-22
https://www.causeartist.com/helios-grofast-a-modern-planter-box/,2026-02-22
https://www.causeartist.com/page/9/,2026-02-22
https://www.causeartist.com/green-building-certifications/,2026-02-22
https://causeartist.com/author/grant/page/4/?category=245,2026-02-22
https://www.causeartist.com/tag/funding-rounds/page/5/,2026-02-22
https://www.causeartist.com/govtech-startups/,2026-02-22
https://www.causeartist.com/tag/dailpad/,2026-02-22
https://www.causeartist.com/sustainable-shoe-brands/,2026-02-22
https://www.causeartist.com/create-sustainable-ethical-wardrobe/,2026-02-22
https://www.causeartist.com/greenlight-fund/,2026-02-22
https://www.causeartist.com/step-by-step-guide-raising-funds/,2026-02-22
https://www.causeartist.com/author/admin/page/5/,2026-02-21
https://www.causeartist.com/tag/social-good-tech/,2026-02-21
https://www.causeartist.com/inseact-black-soldier-fly-protein/,2026-02-21
https://www.causeartist.com/sustainable-jeans-brands/,2026-02-21
https://www.causeartist.com/hasten-ventures-regeneration-projects/,2026-02-21
https://www.causeartist.com/strategic-leadership-in-impact-investing/,2026-02-21
https://www.causeartist.com/data-philanthropy-invests-in-buildon/,2026-02-21
https://www.causeartist.com/verse-raises-20-5-million-to-revolutionize-clean-energy-management-for-corporations/,2026-02-21
https://www.causeartist.com/tag/climate-action-environment/page/11/,2026-02-21
https://www.causeartist.com/eco-friendly-toilet-paper/,2026-02-21
https://www.causeartist.com/carrie-rich-global-good-fund/,2026-02-21
https://www.causeartist.com/nestment-co-own-real-estate/,2026-02-21
https://www.causeartist.com/author/grant/page/2/,2026-02-21
https://www.causeartist.com/spacious-skies-campgrounds/,2026-02-21
https://www.causeartist.com/nisolo-shoes-boots-sandals/,2026-02-21
https://www.causeartist.com/the-impact-of-indego-africa/,2026-02-21
https://www.causeartist.com/kind-traveler-hotels-technology-sustainable-travel/,2026-02-21
https://www.causeartist.com/the-rise-of-craftsmanship-and-e-commerce-pushes-afghanistan-towa/,2026-02-21
https://www.causeartist.com/osso-vr-surgical-training/,2026-02-21
https://www.causeartist.com/ethical-fashion-lifestyle-brands/,2026-02-21
https://www.causeartist.com/what-is-stakeholder-capitalism/,2026-02-21
https://www.causeartist.com/what-is-fast-fashion/,2026-02-20
https://www.causeartist.com/muus-climate-partners-michael-sonnenfeldt/,2026-02-20
https://www.causeartist.com/tag/canada/,2026-02-20
https://www.causeartist.com/tag/books-2/,2026-02-20
https://www.causeartist.com/tag/new-years-resolution/,2026-02-20
https://www.causeartist.com/author/marcobolllinger/,2026-02-20
https://www.causeartist.com/norrsken-vc-secures-eu320-million-impact-investing-fund/,2026-02-20
https://www.causeartist.com/realize-impact-innovating-impact-investing-through-donor-advised-funds/,2026-02-20
https://www.causeartist.com/author/trinityera92/,2026-02-20
https://www.causeartist.com/5-revolutionary-supermarkets-changing-shopping-experience/,2026-02-20
https://www.causeartist.com/benefit-corporations-vs-b-corps/,2026-02-20
https://www.causeartist.com/inspiring-women-ceos-dedicated-to-social-impact/,2026-02-20
https://www.causeartist.com/tag/the-tent-foundation/,2026-02-20
https://www.causeartist.com/nolej-teacher-first-ai/,2026-02-20
https://www.causeartist.com/vertical-farming-startups/,2026-02-20
https://www.causeartist.com/di-ann-eisnor-underserved-communities/,2026-02-20
https://www.causeartist.com/online-thrift-stores-sustainable-shopping/,2026-02-20
https://www.causeartist.com/tag/tea/,2026-02-20
https://www.causeartist.com/shankari-mylvaganam-strategy-economy/,2026-02-20
https://www.causeartist.com/accelerator-first-time-homebuyer-program/,2026-02-20
https://www.causeartist.com/author/admin/page/52/,2026-02-20
https://www.causeartist.com/what-is-natural-capital/,2026-02-20
https://www.causeartist.com/ways-we-make-social-impact-and-social-enterprise-more-accessible/,2026-02-20
https://www.causeartist.com/sustainable-coats-jackets/,2026-02-20
https://www.causeartist.com/tag/aerospace/,2026-02-20
https://www.causeartist.com/sustainable-economy/,2026-02-20
https://www.causeartist.com/tag/social-enterprise-jobs/,2026-02-20
https://www.causeartist.com/tag/austin/,2026-02-20
https://www.causeartist.com/tag/hospital/,2026-02-20
https://www.causeartist.com/funding-social-enterprise/,2026-02-20
https://www.causeartist.com/fast-forward-accelerator-tech-nonprofits/,2026-02-20